<?xml version="1.0" encoding="UTF-8"?>
<project-private xmlns="http://www.netbeans.org/ns/project-private/1">
    <editor-bookmarks xmlns="http://www.netbeans.org/ns/editor-bookmarks/2" lastBookmarkId="0"/>
    <open-files xmlns="http://www.netbeans.org/ns/projectui-open-files/2">
        <group>
            <file>file:/D:/SMT%206/pbo/Tugas3_KalkulatorBalok-main/Tugas3_KalkulatorBalok-main/Tugas_KalkulatorBalok/src/tugas_kalkulatorbalok/ProgramKalkulator.java</file>
            <file>file:/D:/SMT%206/pbo/Tugas3_KalkulatorBalok-main/Tugas3_KalkulatorBalok-main/Tugas_KalkulatorBalok/src/tugas_kalkulatorbalok/Main.java</file>
        </group>
    </open-files>
</project-private>
